{
    "cnn": {
        "test_loss": 0.8979408377925369,
        "accuracy": 43.58629952988583,
        "precision_macro": 41.1024584858398,
        "recall_macro": 43.51383559515935,
        "f1_macro": 39.78297715565287,
        "per_class_accuracy": {
            "Class 0 (Happy)": 36.22047244094488,
            "Class 1 (Sad)": 66.14173228346458,
            "Class 2 (Angry)": 78.74015748031496,
            "Class 3 (Fearful)": 5.098039215686274,
            "Class 4 (Disgust)": 35.43307086614173,
            "Class 5 (Neutral)": 39.44954128440367
        },
        "confusion_matrix": [
            [
                92,
                9,
                82,
                10,
                20,
                41
            ],
            [
                10,
                168,
                5,
                4,
                36,
                31
            ],
            [
                37,
                0,
                200,
                1,
                11,
                5
            ],
            [
                35,
                85,
                44,
                13,
                40,
                38
            ],
            [
                37,
                51,
                39,
                5,
                90,
                32
            ],
            [
                26,
                50,
                7,
                5,
                44,
                86
            ]
        ]
    },
    "svm": {
        "accuracy": 44.5265278710544,
        "precision_macro": 43.517899079769315,
        "recall_macro": 44.31570615194957,
        "f1_macro": 43.55905360557639
    },
    "random_forest": {
        "accuracy": 48.55607790463398,
        "precision_macro": 47.57951326192104,
        "recall_macro": 48.703185914496785,
        "f1_macro": 46.70870971436361
    },
    "wav2vec2": {
        "accuracy": 78.10611148421759,
        "precision_macro": 78.0453863070418,
        "recall_macro": 78.69873997061104,
        "f1_macro": 78.01772289139663,
        "per_class_accuracy": {
            "Class 0 (HAP)": 80.6949806949807,
            "Class 1 (SAD)": 59.479553903345725,
            "Class 2 (ANG)": 93.24894514767934,
            "Class 3 (FEA)": 75.60975609756098,
            "Class 4 (DIS)": 76.49253731343283,
            "Class 5 (NEU)": 86.66666666666667
        },
        "confusion_matrix": [
            [
                209,
                1,
                15,
                15,
                6,
                13
            ],
            [
                9,
                160,
                1,
                29,
                34,
                36
            ],
            [
                6,
                0,
                221,
                1,
                6,
                3
            ],
            [
                11,
                29,
                8,
                186,
                5,
                7
            ],
            [
                9,
                13,
                14,
                18,
                205,
                9
            ],
            [
                10,
                3,
                5,
                7,
                3,
                182
            ]
        ]
    }
}